65,TYPE,FIELD,BITS,UNIT,CONVERSION,MODULE,MODULE_NUM,MODULE_LINE,LINE_TYPE,SHORT_NAME,DESCRIPTION
0,maxDownlink,ReflectedPwr,8,mW,icr_8bit_volts|txv2_ref_pwr,NONE,2,4,3,Ref Power,Reflected Power from the Transmit Antenna
1,maxDownlink,ICR3VProt,8,V,icr_8bit_volts,NONE,3,3,3,3.3V Prot,ICR 3V Protected
2,maxDownlink,ICRTemp,8,C,8_bit_temp,NONE,3,4,3,ICR Temp,ICR Temperature
3,maxDownlink,gTemp,8,C,8_bit_temp,NONE,4,10,3,Gyro Temp,Gyro temperature
4,maxDownlink,Xspin,8,dps,8_bit_spin,NONE,4,1,3,X Rotation,Angular Velocity around X Axis
5,maxDownlink,Yspin,8,dps,8_bit_spin,NONE,4,2,3,Y Rotation,Angular Veolcity around Y Axis
6,maxDownlink,Zspin,8,dps,8_bit_spin,NONE,4,3,3,Z Rotation,Angular Veolcity around Z Axis
7,maxDownlink,Xaccel,8,g,8_bit_accel,NONE,4,4,3,X Acceleration,Acceleration along X axis
8,maxDownlink,Yaccel,8,g,8_bit_accel,NONE,4,5,3,Y Acceleration,Acceleration along Y  axis
9,maxDownlink,Zaccel,8,g,8_bit_accel,NONE,4,6,3,Z Acceleration,Acceleration along Z axis
10,maxDownlink,Xmag,8,uT,8_bit_mag,NONE,4,7,3,X Magnetometer,Angular Veolcity around X Axis
11,maxDownlink,Ymag,8,uT,8_bit_mag,NONE,4,8,3,Y Magnetometer,Angular Veolcity around Y Axis
12,maxDownlink,Zmag,8,uT,8_bit_mag,NONE,4,9,3,Z Magnetometer,Angular Veolcity around Z Axis
13,maxDownlink,busV,8,V,golf-t_bus_voltage,NONE,1,1,3,Bus Voltage,Vbatt Bus voltage
14,maxDownlink,TxPAi,8,mA,golf-t_tx_current,NONE,2,1,3,PA Current,Transmit power amplifier current
15,maxDownlink,TxTemp,8,C,8_bit_temp,NONE,2,2,3,TX Temperature,Transmitter card temperature
16,maxDownlink,FwdPower,8,mW,icr_8bit_volts|txv2_fwd_pwr|dBm_to_mW,NONE,2,3,3,Fwd Power,Receiver card temperature
17,maxDownlink,rssi,8,dBm,icr_8bit_volts|icrv2_rssi ,NONE,3,1,3,ICR RSSI,Received Signal Strength Indication
18,maxDownlink,LtVGACtl,8,V,icr_8bit_volts,NONE,2,5,3,VGA Control,Control Voltage to the Variable Gain Amplifier (VGA)
19,maxDownlink,IHUcpuTemp,8,C,8_bit_temp,NONE,1,2,3,IHU Temp,Internal Temperature of IHU
20,maxDownlink,moduTemp,8,C,8_bit_temp,NONE,2,7,3,Modulator Temp,Internal Temperature of  the telemetry modulator
21,maxDownlink,hostCANVolts0,8,V,10_volt_8_bit|INVALID_BYTE,NONE,7,1,3,CAN Volts 1,Host Volts 0
22,maxDownlink,hostCANVolts1,8,V,10_volt_8_bit|INVALID_BYTE,NONE,7,2,3,CAN Volts 2,Host Volts 1
23,maxDownlink,hostCANVolts2,8,V,10_volt_8_bit|INVALID_BYTE,NONE,7,3,3,CAN Volts 3,Host Volts 2
24,maxDownlink,hostCANVolts3,8,V,10_volt_8_bit|INVALID_BYTE,NONE,7,4,3,CAN Volts 4,Host Volts 3
25,maxDownlink,hostCANVolts4,8,V,10_volt_8_bit|INVALID_BYTE,NONE,7,5,3,CAN Volts 5,Host Volts 4
26,maxDownlink,hostCANVolts5,8,V,10_volt_8_bit|INVALID_BYTE,NONE,7,6,3,CAN Volts 6,Host Volts 5
27,maxDownlink,hostCANVolts6,8,V,10_volt_8_bit|INVALID_BYTE,NONE,7,7,3,CAN Volts 7,Host Volts 6
28,maxDownlink,hostCANVolts7,8,V,10_volt_8_bit|INVALID_BYTE,NONE,7,8,3,CAN Volts 8,Host Volts 7
29,maxDownlink,hostI2cTemp0,8,C,8_bit_temp|INVALID_BYTE,NONE,10,2,3,I2c Temp 1,IC2 Temps
30,maxDownlink,hostI2cTemp1,8,C,8_bit_temp|INVALID_BYTE,NONE,10,3,3,I2c Temp 2,IC2 Temps
31,maxDownlink,hostI2cTemp2,8,C,8_bit_temp|INVALID_BYTE,NONE,10,4,3,I2c Temp 3,IC2 Temps
32,maxDownlink,hostI2cTemp3,8,C,8_bit_temp|INVALID_BYTE,NONE,10,5,3,I2c Temp 4,IC2 Temps
33,maxDownlink,hostI2cTemp4,8,C,8_bit_temp|INVALID_BYTE,NONE,10,6,3,I2c Temp 5,IC2 Temps
34,maxDownlink,hostI2cTemp5,8,C,8_bit_temp|INVALID_BYTE,NONE,10,7,3,I2c Temp 6,IC2 Temps
35,maxDownlink,hostI2cTemp6,8,C,8_bit_temp|INVALID_BYTE,NONE,10,8,3,I2c Temp 7,IC2 Temps
36,maxDownlink,hostI2cTemp7,8,C,8_bit_temp|INVALID_BYTE,NONE,10,9,3,I2c Temp 8,IC2 Temps
37,maxDownlink,PlusXVolts,8,V,8_bit_temp|INVALID_BYTE,NONE,6,1,3,Plus X Volts,Panel Voltage
38,maxDownlink,MinusXVolts,8,V,8_bit_temp|INVALID_BYTE,NONE,6,2,3,Minus X Volts,Panel Voltage
39,maxDownlink,PlusYVolts,8,V,8_bit_temp|INVALID_BYTE,NONE,6,3,3,Plus Y Volts,Panel Voltage
40,maxDownlink,MinusYVolts,8,V,8_bit_temp|INVALID_BYTE,NONE,6,4,3,Minus Y Volts,Panel Voltage
41,maxDownlink,PlusZVolts,8,V,8_bit_temp|INVALID_BYTE,NONE,6,5,3,Plus Z Volts,Panel Voltage
42,maxDownlink,MinusZVolts,8,V,8_bit_temp|INVALID_BYTE,NONE,6,6,3,Minus Z Volts,Panel Voltage
43,maxDownlink,PlusXTemp,8,C,8_bit_temp|INVALID_BYTE,NONE,6,7,3,Plus X Temp,Panel Temp
44,maxDownlink,MinusXTemp,8,C,8_bit_temp|INVALID_BYTE,NONE,6,8,3,Minus X Temp,Panel Temp
45,maxDownlink,PlusYTemp,8,C,8_bit_temp|INVALID_BYTE,NONE,6,9,3,Plus Y Temp,Panel Temp
46,maxDownlink,MinusYTemp,8,C,8_bit_temp|INVALID_BYTE,NONE,6,10,3,Minus Y Temp,Panel Temp
47,maxDownlink,PlusZTemp,8,C,8_bit_temp|INVALID_BYTE,NONE,6,11,3,Plus Z Temp,Panel Temp
48,maxDownlink,MinusZTemp,8,C,8_bit_temp|INVALID_BYTE,NONE,6,12,3,Minus Z Temp,Panel Temp
49,maxDownlink,hostCANTemp0,8,C,8_bit_temp|INVALID_BYTE,NONE,7,9,3,CAN Temp 1,Host Temp 1
50,maxDownlink,hostCANTemp1,8,C,8_bit_temp|INVALID_BYTE,NONE,7,10,3,CAN Temp 2,Host Temp 2
51,maxDownlink,hostCANTemp2,8,C,8_bit_temp|INVALID_BYTE,NONE,7,11,3,CAN Temp 3,Host Temp 3
52,maxDownlink,hostCANTemp3,8,C,8_bit_temp|INVALID_BYTE,NONE,7,12,3,CAN Temp 4,Host Temp 4
53,maxDownlink,hostCANTemp4,8,C,8_bit_temp|INVALID_BYTE,NONE,7,13,3,CAN Temp 5,Host Temp 5
54,maxDownlink,hostCANTemp5,8,C,8_bit_temp|INVALID_BYTE,NONE,7,14,3,CAN Temp 6,Host Temp 6
55,maxDownlink,hostCANTemp6,8,C,8_bit_temp|INVALID_BYTE,NONE,7,15,3,CAN Temp 7,Host Temp 7
56,maxDownlink,hostCANTemp7,8,C,8_bit_temp|INVALID_BYTE,NONE,7,16,3,CAN Temp 8,Host Temp 8
57,maxDownlink,hostTlm1,8,V,INT,NONE,10,10,3,Analog 1,Host Analog 1
58,maxDownlink,hostTlm2,8,V,INT,NONE,10,11,3,Analog 2,Host Analog 2
59,maxDownlink,hostTlm3,8,V,INT,NONE,10,12,3,Analog 3,Host Analog 3
60,maxDownlink,hostTlm4,8,V,INT,NONE,10,13,3,Analog 4,Host Analog 4
61,maxDownlink,maxTimestampUptime,32,s,0,NONE,0,0,0,Max Last Change Sec,Timestamp Resets
62,maxDownlink,maxTimestampEpoch,16,-,TIMESTAMP maxTimestampEpoch maxTimestampUptime,Min Max Info,5,1,0,Max Last Change,Timestamp uptime
63,maxDownlink,maxCRCerror,8,-,36,Min Max Info,5,4,0,Max CRC Error Count,CRC Error for the Max Payload
64,maxDownlink,pad168,8,-,0,NONE,0,0,0,Filler2,Make same length as WOD
