67,TYPE,FIELD,BITS,UNIT,CONVERSION,MODULE,MODULE_NUM,MODULE_LINE,LINE_TYPE,SHORT_NAME,DESCRIPTION
0,minDownlink,ReflectedPwr,8,mW,icr_8bit_volts|txv2_ref_pwr,NONE,2,4,3,Ref Power,Reflected Power from the Transmit Antenna
1,minDownlink,ICR3VProt,8,V,icr_8bit_volts,NONE,3,3,3,3.3V Prot,ICR 3V Protected
2,minDownlink,ICRTemp,8,C,8_bit_temp,NONE,3,4,3,ICR Temp,ICR Temperature
3,minDownlink,gTemp,8,C,8_bit_temp,NONE,4,10,3,Gyro Temp,Gyro temperature
4,minDownlink,Xspin,8,dps,8_bit_spin,NONE,4,1,3,X Rotation,Angular Velocity around X Axis
5,minDownlink,Yspin,8,dps,8_bit_spin,NONE,4,2,3,Y Rotation,Angular Veolcity around Y Axis
6,minDownlink,Zspin,8,dps,8_bit_spin,NONE,4,3,3,Z Rotation,Angular Veolcity around Z Axis
7,minDownlink,Xaccel,8,g,8_bit_accel,NONE,4,4,3,X Acceleration,Acceleration along X axis
8,minDownlink,Yaccel,8,g,8_bit_accel,NONE,4,5,3,Y Acceleration,Acceleration along Y  axis
9,minDownlink,Zaccel,8,g,8_bit_accel,NONE,4,6,3,Z Acceleration,Acceleration along Z axis
10,minDownlink,Xmag,8,uT,8_bit_mag,NONE,4,7,3,X Magnetometer,Angular Veolcity around X Axis
11,minDownlink,Ymag,8,uT,8_bit_mag,NONE,4,8,3,Y Magnetometer,Angular Veolcity around Y Axis
12,minDownlink,Zmag,8,uT,8_bit_mag,NONE,4,9,3,Z Magnetometer,Angular Veolcity around Z Axis
13,minDownlink,busV,8,V,golf-t_bus_voltage,NONE,1,1,3,Bus Voltage,Vbatt Bus voltage
14,minDownlink,TxPAi,8,mA,golf-t_tx_current,NONE,2,1,3,PA Current,Transmit power amplifier current
15,minDownlink,TxTemp,8,C,8_bit_temp,NONE,2,2,3,TX Temperature,Transmitter card temperature
16,minDownlink,FwdPower,8,mW,icr_8bit_volts|txv2_fwd_pwr|dBm_to_mW,NONE,2,3,3,Fwd Power,Receiver card temperature
17,minDownlink,rssi,8,dBm,icr_8bit_volts|icrv2_rssi ,NONE,3,1,3,ICR RSSI,Received Signal Strength Indication
18,minDownlink,LtVGACtl,8,V,icr_8bit_volts,NONE,2,5,3,VGA Control,Control Voltage to the Variable Gain Amplifier (VGA)
19,minDownlink,IHUcpuTemp,8,C,8_bit_temp,NONE,1,2,3,IHU Temp,Internal Temperature of IHU
20,minDownlink,moduTemp,8,C,8_bit_temp,NONE,2,7,3,Modulator Temp,Internal Temperature of  the telemetry modulator
21,minDownlink,hostCANVolts0,8,V,10_volt_8_bit|INVALID_BYTE,NONE,7,1,3,CAN Volts 1,Host Volts 0
22,minDownlink,hostCANVolts1,8,V,10_volt_8_bit|INVALID_BYTE,NONE,7,2,3,CAN Volts 2,Host Volts 1
23,minDownlink,hostCANVolts2,8,V,10_volt_8_bit|INVALID_BYTE,NONE,7,3,3,CAN Volts 3,Host Volts 2
24,minDownlink,hostCANVolts3,8,V,10_volt_8_bit|INVALID_BYTE,NONE,7,4,3,CAN Volts 4,Host Volts 3
25,minDownlink,hostCANVolts4,8,V,10_volt_8_bit|INVALID_BYTE,NONE,7,5,3,CAN Volts 5,Host Volts 4
26,minDownlink,hostCANVolts5,8,V,10_volt_8_bit|INVALID_BYTE,NONE,7,6,3,CAN Volts 6,Host Volts 5
27,minDownlink,hostCANVolts6,8,V,10_volt_8_bit|INVALID_BYTE,NONE,7,7,3,CAN Volts 7,Host Volts 6
28,minDownlink,hostCANVolts7,8,V,10_volt_8_bit|INVALID_BYTE,NONE,7,8,3,CAN Volts 8,Host Volts 7
29,minDownlink,hostI2cTemp0,8,C,8_bit_temp|INVALID_BYTE,NONE,10,2,3,I2c Temp 1,IC2 Temps
30,minDownlink,hostI2cTemp1,8,C,8_bit_temp|INVALID_BYTE,NONE,10,3,3,I2c Temp 2,IC2 Temps
31,minDownlink,hostI2cTemp2,8,C,8_bit_temp|INVALID_BYTE,NONE,10,4,3,I2c Temp 3,IC2 Temps
32,minDownlink,hostI2cTemp3,8,C,8_bit_temp|INVALID_BYTE,NONE,10,5,3,I2c Temp 4,IC2 Temps
33,minDownlink,hostI2cTemp4,8,C,8_bit_temp|INVALID_BYTE,NONE,10,6,3,I2c Temp 5,IC2 Temps
34,minDownlink,hostI2cTemp5,8,C,8_bit_temp|INVALID_BYTE,NONE,10,7,3,I2c Temp 6,IC2 Temps
35,minDownlink,hostI2cTemp6,8,C,8_bit_temp|INVALID_BYTE,NONE,10,8,3,I2c Temp 7,IC2 Temps
36,minDownlink,hostI2cTemp7,8,C,8_bit_temp|INVALID_BYTE,NONE,10,9,3,I2c Temp 8,IC2 Temps
37,minDownlink,PlusXVolts,8,V,8_bit_temp|INVALID_BYTE,NONE,6,1,3,Plus X Volts,Panel Voltage
38,minDownlink,MinusXVolts,8,V,8_bit_temp|INVALID_BYTE,NONE,6,2,3,Minus X Volts,Panel Voltage
39,minDownlink,PlusYVolts,8,V,8_bit_temp|INVALID_BYTE,NONE,6,3,3,Plus Y Volts,Panel Voltage
40,minDownlink,MinusYVolts,8,V,8_bit_temp|INVALID_BYTE,NONE,6,4,3,Minus Y Volts,Panel Voltage
41,minDownlink,PlusZVolts,8,V,8_bit_temp|INVALID_BYTE,NONE,6,5,3,Plus Z Volts,Panel Voltage
42,minDownlink,MinusZVolts,8,V,8_bit_temp|INVALID_BYTE,NONE,6,6,3,Minus Z Volts,Panel Voltage
43,minDownlink,PlusXTemp,8,C,8_bit_temp|INVALID_BYTE,NONE,6,7,3,Plus X Temp,Panel Temp
44,minDownlink,MinusXTemp,8,C,8_bit_temp|INVALID_BYTE,NONE,6,8,3,Minus X Temp,Panel Temp
45,minDownlink,PlusYTemp,8,C,8_bit_temp|INVALID_BYTE,NONE,6,9,3,Plus Y Temp,Panel Temp
46,minDownlink,MinusYTemp,8,C,8_bit_temp|INVALID_BYTE,NONE,6,10,3,Minus Y Temp,Panel Temp
47,minDownlink,PlusZTemp,8,C,8_bit_temp|INVALID_BYTE,NONE,6,11,3,Plus Z Temp,Panel Temp
48,minDownlink,MinusZTemp,8,C,8_bit_temp|INVALID_BYTE,NONE,6,12,3,Minus Z Temp,Panel Temp
49,minDownlink,hostCANTemp0,8,C,8_bit_temp|INVALID_BYTE,NONE,7,9,3,CAN Temp 1,Host Temp 1
50,minDownlink,hostCANTemp1,8,C,8_bit_temp|INVALID_BYTE,NONE,7,10,3,CAN Temp 2,Host Temp 2
51,minDownlink,hostCANTemp2,8,C,8_bit_temp|INVALID_BYTE,NONE,7,11,3,CAN Temp 3,Host Temp 3
52,minDownlink,hostCANTemp3,8,C,8_bit_temp|INVALID_BYTE,NONE,7,12,3,CAN Temp 4,Host Temp 4
53,minDownlink,hostCANTemp4,8,C,8_bit_temp|INVALID_BYTE,NONE,7,13,3,CAN Temp 5,Host Temp 5
54,minDownlink,hostCANTemp5,8,C,8_bit_temp|INVALID_BYTE,NONE,7,14,3,CAN Temp 6,Host Temp 6
55,minDownlink,hostCANTemp6,8,C,8_bit_temp|INVALID_BYTE,NONE,7,15,3,CAN Temp 7,Host Temp 7
56,minDownlink,hostCANTemp7,8,C,8_bit_temp|INVALID_BYTE,NONE,7,16,3,CAN Temp 8,Host Temp 8
57,minDownlink,hostTlm1,8,V,INT,NONE,10,10,3,Analog 1,Host Analog 1
58,minDownlink,hostTlm2,8,V,INT,NONE,10,11,3,Analog 2,Host Analog 2
59,minDownlink,hostTlm3,8,V,INT,NONE,10,12,3,Analog 3,Host Analog 3
60,minDownlink,hostTlm4,8,V,INT,NONE,10,13,3,Analog 4,Host Analog 4
61,minDownlink,minTimestampUptime,32,-,36,NONE,0,0,0,Min Last Chg Secs,Min Last Change Secs
62,minDownlink,minTimestampEpoch,16,-,TIMESTAMP minTimestampEpoch minTimestampUptime,Min Max Info,5,2,0,Min Last Change,Min Last Change Epoch
63,minDownlink,minmaxResetEpoch,16,-,TIMESTAMP minmaxResetEpoch minmaxResetSecs,Min Max Info,5,3,0,MinMax Reset Time,MinMax Reset Epoch
64,minDownlink,minmaxResetSecs,32,-,36,NONE,0,0,0,Reset Secs,MinMax Reset Secs
65,minDownlink,minCRCerror,8,-,36,Min Max Info,5,5,0,Min CRC Error Count,CRC Error for the min payload
66,minDownlink,Pad178,24,-,0,NONE,0,0,0,Filler3,-
